{"cameraMode":{"drawMode":0,"name":"Shaded","section":"Shading Mode"},"sceneLighting":false,"audioPlay":false,"sceneViewState":{"showFog":true,"showMaterialUpdate":false,"showSkybox":false,"showFlares":true,"showImageEffects":true,"showParticleSystems":true,"showVisualEffectGraphs":true,"m_FxEnabled":true},"in2DMode":false,"pivot":{"x":-0.7775401473045349,"y":1.5398054122924805,"z":0.20338726043701173},"rotation":{"x":0.011422978714108467,"y":0.9866869449615479,"z":0.07978924363851547,"w":-0.14125967025756837},"size":1.5096890926361085,"orthographic":false}