{"cameraMode":{"drawMode":0,"name":"Shaded","section":"Shading Mode"},"sceneLighting":false,"audioPlay":false,"sceneViewState":{"showFog":true,"showMaterialUpdate":false,"showSkybox":false,"showFlares":true,"showImageEffects":true,"showParticleSystems":true,"showVisualEffectGraphs":true,"m_FxEnabled":true},"in2DMode":false,"pivot":{"x":0.3441360890865326,"y":0.9682457447052002,"z":-0.4891294240951538},"rotation":{"x":-0.018032385036349298,"y":0.9626044631004334,"z":-0.26207098364830019,"w":-0.06623423844575882},"size":1.3043460845947266,"orthographic":false}