{"cameraMode":{"drawMode":0,"name":"Shaded","section":"Shading Mode"},"sceneLighting":false,"audioPlay":false,"sceneViewState":{"showFog":true,"showMaterialUpdate":false,"showSkybox":false,"showFlares":true,"showImageEffects":true,"showParticleSystems":true,"showVisualEffectGraphs":true,"m_FxEnabled":true},"in2DMode":false,"pivot":{"x":0.3029986619949341,"y":2.3231964111328127,"z":-0.15626347064971925},"rotation":{"x":-0.017321525141596795,"y":0.9279439449310303,"z":-0.04346846044063568,"w":-0.36977118253707888},"size":4.453028678894043,"orthographic":false}