{"cameraMode":{"drawMode":0,"name":"Shaded","section":"Shading Mode"},"sceneLighting":true,"audioPlay":false,"sceneViewState":{"showFog":true,"showMaterialUpdate":false,"showSkybox":true,"showFlares":true,"showImageEffects":true,"showParticleSystems":true,"showVisualEffectGraphs":true,"m_FxEnabled":true},"in2DMode":false,"pivot":{"x":5.1277289390563969,"y":0.10890009999275208,"z":-8.227789878845215},"rotation":{"x":0.09388881921768189,"y":-0.7794578075408936,"z":0.1204388365149498,"w":0.6075751781463623},"size":0.12399541586637497,"orthographic":false}