{"cameraMode":{"drawMode":0,"name":"Shaded","section":"Shading Mode"},"sceneLighting":true,"audioPlay":false,"sceneViewState":{"showFog":true,"showMaterialUpdate":false,"showSkybox":true,"showFlares":true,"showImageEffects":true,"showParticleSystems":true,"showVisualEffectGraphs":true,"m_FxEnabled":true},"in2DMode":false,"pivot":{"x":-3.4279255867004396,"y":1.2202262878417969,"z":0.8696615099906921},"rotation":{"x":0.020943211391568185,"y":-0.5840946435928345,"z":0.015078642405569554,"w":0.8112770915031433},"size":1.1282485723495484,"orthographic":false}