{"cameraMode":{"drawMode":0,"name":"Shaded","section":"Shading Mode"},"sceneLighting":true,"audioPlay":false,"sceneViewState":{"showFog":true,"showMaterialUpdate":false,"showSkybox":true,"showFlares":true,"showImageEffects":true,"showParticleSystems":true,"showVisualEffectGraphs":true,"m_FxEnabled":true},"in2DMode":false,"pivot":{"x":-15.882207870483399,"y":1.3741487264633179,"z":9.83990478515625},"rotation":{"x":0.01912767067551613,"y":-0.5445364117622376,"z":0.012422723695635796,"w":0.8384312987327576},"size":11.794476509094239,"orthographic":false}