{"cameraMode":{"drawMode":0,"name":"Shaded","section":"Shading Mode"},"sceneLighting":true,"audioPlay":false,"sceneViewState":{"showFog":true,"showMaterialUpdate":false,"showSkybox":true,"showFlares":true,"showImageEffects":true,"showParticleSystems":true,"showVisualEffectGraphs":true,"m_FxEnabled":true},"in2DMode":false,"pivot":{"x":1.319573163986206,"y":1.1269927024841309,"z":-0.22668056190013886},"rotation":{"x":-0.027148112654685975,"y":0.49185746908187868,"z":0.01534606609493494,"w":0.8701167702674866},"size":0.22824853658676148,"orthographic":false}