{"cameraMode":{"drawMode":0,"name":"Shaded","section":"Shading Mode"},"sceneLighting":false,"audioPlay":false,"sceneViewState":{"showFog":true,"showMaterialUpdate":false,"showSkybox":false,"showFlares":true,"showImageEffects":true,"showParticleSystems":true,"showVisualEffectGraphs":true,"m_FxEnabled":true},"in2DMode":false,"pivot":{"x":2.0261569023132326,"y":0.04455900192260742,"z":-0.10968822240829468},"rotation":{"x":0.09248638153076172,"y":0.9028010964393616,"z":-0.2443305253982544,"w":0.34166914224624636},"size":3.855729103088379,"orthographic":false}