{"cameraMode":{"drawMode":0,"name":"Shaded","section":"Shading Mode"},"sceneLighting":false,"audioPlay":false,"sceneViewState":{"showFog":true,"showMaterialUpdate":false,"showSkybox":false,"showFlares":true,"showImageEffects":true,"showParticleSystems":true,"showVisualEffectGraphs":true,"m_FxEnabled":true},"in2DMode":false,"pivot":{"x":1.8626115322113038,"y":1.116377830505371,"z":-0.8971118927001953},"rotation":{"x":0.007555027958005667,"y":-0.9900064468383789,"z":0.05980493128299713,"w":0.12817566096782685},"size":0.2831764817237854,"orthographic":false}