{"cameraMode":{"drawMode":0,"name":"Shaded","section":"Shading Mode"},"sceneLighting":false,"audioPlay":false,"sceneViewState":{"showFog":true,"showMaterialUpdate":false,"showSkybox":false,"showFlares":true,"showImageEffects":true,"showParticleSystems":true,"showVisualEffectGraphs":true,"m_FxEnabled":true},"in2DMode":false,"pivot":{"x":-10.962798118591309,"y":0.5301437377929688,"z":-10.00035285949707},"rotation":{"x":0.014890114776790142,"y":0.9780962467193604,"z":-0.19349820911884309,"w":0.07526689022779465},"size":16.111352920532228,"orthographic":false}