{"cameraMode":{"drawMode":0,"name":"Shaded","section":"Shading Mode"},"sceneLighting":false,"audioPlay":false,"sceneViewState":{"showFog":true,"showMaterialUpdate":false,"showSkybox":false,"showFlares":true,"showImageEffects":true,"showParticleSystems":true,"showVisualEffectGraphs":true,"m_FxEnabled":true},"in2DMode":false,"pivot":{"x":0.02732076495885849,"y":0.526084303855896,"z":0.08867049217224121},"rotation":{"x":0.00719488225877285,"y":0.980430543422699,"z":0.1933290809392929,"w":-0.03648819401860237},"size":1.2382006645202637,"orthographic":false}