{"cameraMode":{"drawMode":0,"name":"Shaded","section":"Shading Mode"},"sceneLighting":false,"audioPlay":false,"sceneViewState":{"showFog":true,"showMaterialUpdate":false,"showSkybox":false,"showFlares":true,"showImageEffects":true,"showParticleSystems":true,"showVisualEffectGraphs":true,"m_FxEnabled":true},"in2DMode":false,"pivot":{"x":-0.006207749247550964,"y":0.07890009880065918,"z":0.0000012367963790893555},"rotation":{"x":0.0012883275048807264,"y":0.7022083401679993,"z":-0.0012708371505141259,"w":0.7119678258895874},"size":0.12399546802043915,"orthographic":false}