{"cameraMode":{"drawMode":0,"name":"Shaded","section":"Shading Mode"},"sceneLighting":false,"audioPlay":false,"sceneViewState":{"showFog":false,"showMaterialUpdate":false,"showSkybox":false,"showFlares":false,"showImageEffects":false,"showParticleSystems":false,"showVisualEffectGraphs":true,"m_FxEnabled":true},"in2DMode":false,"pivot":{"x":-0.49043285846710207,"y":0.9486523866653442,"z":0.8055087924003601},"rotation":{"x":0.014779460616409779,"y":-0.8850242495536804,"z":0.02816176600754261,"w":0.4644644260406494},"size":0.8961564898490906,"orthographic":false}