{"cameraMode":{"drawMode":0,"name":"Shaded","section":"Shading Mode"},"sceneLighting":false,"audioPlay":false,"sceneViewState":{"showFog":true,"showMaterialUpdate":false,"showSkybox":false,"showFlares":true,"showImageEffects":true,"showParticleSystems":true,"showVisualEffectGraphs":true,"m_FxEnabled":true},"in2DMode":false,"pivot":{"x":-0.12424468994140625,"y":1.4296295642852784,"z":0.16780877113342286},"rotation":{"x":0.010641735978424549,"y":0.9060775637626648,"z":0.022829247638583185,"w":-0.42236432433128359},"size":0.703084409236908,"orthographic":false}