{"cameraMode":{"drawMode":0,"name":"Shaded","section":"Shading Mode"},"sceneLighting":false,"audioPlay":false,"sceneViewState":{"showFog":true,"showMaterialUpdate":false,"showSkybox":false,"showFlares":true,"showImageEffects":true,"showParticleSystems":true},"in2DMode":false,"pivot":{"x":9.644858360290528,"y":-3.1808738708496095,"z":-1.965895414352417},"rotation":{"x":-0.10364649444818497,"y":-0.8293771743774414,"z":0.16407643258571626,"w":-0.5239083170890808},"size":17.96413230895996,"orthographic":false}