{"cameraMode":{"drawMode":0,"name":"Shaded","section":"Shading Mode"},"sceneLighting":false,"audioPlay":false,"sceneViewState":{"showFog":true,"showMaterialUpdate":false,"showSkybox":false,"showFlares":true,"showImageEffects":true,"showParticleSystems":true},"in2DMode":false,"pivot":{"x":1.1920928955078126e-7,"y":0.666968822479248,"z":0.0},"rotation":{"x":0.1374821811914444,"y":0.7396289110183716,"z":-0.15904542803764344,"w":0.6393444538116455},"size":1.5728720426559449,"orthographic":false}