{"cameraMode":{"drawMode":0,"name":"Shaded","section":"Shading Mode"},"sceneLighting":false,"audioPlay":false,"sceneViewState":{"showFog":true,"showMaterialUpdate":false,"showSkybox":false,"showFlares":true,"showImageEffects":true,"showParticleSystems":true},"in2DMode":false,"pivot":{"x":810.9778442382813,"y":195.60301208496095,"z":-598.3593139648438},"rotation":{"x":0.18491779267787934,"y":0.05745021998882294,"z":-0.010827964171767235,"w":0.9810180068016052},"size":2.2731802463531496,"orthographic":false}