{"cameraMode":{"drawMode":0,"name":"Shaded","section":"Shading Mode"},"sceneLighting":false,"audioPlay":false,"sceneViewState":{"showFog":true,"showMaterialUpdate":false,"showSkybox":false,"showFlares":true,"showImageEffects":true,"showParticleSystems":true},"in2DMode":false,"pivot":{"x":0.6815676689147949,"y":1.9900000095367432,"z":-0.015141963958740235},"rotation":{"x":-0.09799191355705261,"y":0.8605697154998779,"z":-0.18100489675998689,"w":-0.4658924341201782},"size":2.8578836917877199,"orthographic":false}