{"cameraMode":{"drawMode":0,"name":"Shaded","section":"Shading Mode"},"sceneLighting":false,"audioPlay":false,"sceneViewState":{"showFog":true,"showMaterialUpdate":false,"showSkybox":false,"showFlares":true,"showImageEffects":true,"showParticleSystems":true},"in2DMode":false,"pivot":{"x":9.817584991455079,"y":0.8926705718040466,"z":1.605818748474121},"rotation":{"x":-0.01180934440344572,"y":0.9400999546051025,"z":-0.03273782506585121,"w":-0.33911946415901186},"size":0.2865820527076721,"orthographic":false}