{"cameraMode":{"drawMode":0,"name":"Shaded","section":"Shading Mode"},"sceneLighting":false,"audioPlay":false,"sceneViewState":{"showFog":true,"showMaterialUpdate":false,"showSkybox":false,"showFlares":true,"showImageEffects":true,"showParticleSystems":true},"in2DMode":false,"pivot":{"x":1.1920928955078126e-7,"y":0.6949974894523621,"z":0.0},"rotation":{"x":-0.0014614936662837864,"y":0.9985367655754089,"z":-0.03927239775657654,"w":-0.037161875516176227},"size":5.2594685554504398,"orthographic":false}