{"cameraMode":{"drawMode":0,"name":"Shaded","section":"Shading Mode"},"sceneLighting":false,"audioPlay":false,"sceneViewState":{"showFog":true,"showMaterialUpdate":false,"showSkybox":false,"showFlares":true,"showImageEffects":true,"showParticleSystems":true},"in2DMode":false,"pivot":{"x":0.2110547423362732,"y":1.0899956226348878,"z":-0.021196365356445314},"rotation":{"x":-0.00047288014320656657,"y":0.9995285272598267,"z":-0.02130291610956192,"w":-0.022192325443029405},"size":4.344796657562256,"orthographic":false}