{"cameraMode":{"drawMode":0,"name":"Shaded","section":"Shading Mode"},"sceneLighting":true,"audioPlay":false,"sceneViewState":{"showFog":true,"showMaterialUpdate":false,"showSkybox":true,"showFlares":true,"showImageEffects":true,"showParticleSystems":true},"in2DMode":false,"pivot":{"x":5.426375865936279,"y":-1884.1063232421875,"z":1740.7928466796875},"rotation":{"x":-0.0014614936662837864,"y":0.9985367655754089,"z":-0.03927239775657654,"w":-0.037161875516176227},"size":7.246835708618164,"orthographic":false}