{"cameraMode":{"drawMode":0,"name":"Shaded","section":"Shading Mode"},"sceneLighting":false,"audioPlay":false,"sceneViewState":{"showFog":true,"showMaterialUpdate":false,"showSkybox":false,"showFlares":true,"showImageEffects":true,"showParticleSystems":true,"showVisualEffectGraphs":true,"m_FxEnabled":true},"in2DMode":false,"pivot":{"x":-0.011531829833984375,"y":2.527909994125366,"z":0.049964189529418948},"rotation":{"x":0.09388881921768189,"y":-0.7794578075408936,"z":0.1204388365149498,"w":0.6075751781463623},"size":3.133953809738159,"orthographic":false}