{"cameraMode":{"drawMode":0,"name":"Shaded","section":"Shading Mode"},"sceneLighting":false,"audioPlay":false,"sceneViewState":{"showFog":false,"showMaterialUpdate":false,"showSkybox":false,"showFlares":false,"showImageEffects":false,"showParticleSystems":false,"showVisualEffectGraphs":true,"m_FxEnabled":true},"in2DMode":false,"pivot":{"x":0.3538788855075836,"y":1.4996527433395386,"z":-0.3090324401855469},"rotation":{"x":0.0006367763271555305,"y":-0.9993202090263367,"z":0.02129998430609703,"w":0.030596764758229257},"size":1.4712812900543213,"orthographic":false}