{"cameraMode":{"drawMode":0,"name":"Shaded","section":"Shading Mode"},"sceneLighting":false,"audioPlay":false,"sceneViewState":{"showFog":true,"showMaterialUpdate":false,"showSkybox":false,"showFlares":true,"showImageEffects":true,"showParticleSystems":true,"showVisualEffectGraphs":true,"m_FxEnabled":true},"in2DMode":false,"pivot":{"x":-0.01430976390838623,"y":0.09159095585346222,"z":0.13667580485343934},"rotation":{"x":0.029041212052106859,"y":-0.6578420400619507,"z":-0.025554200634360315,"w":-0.7522746920585632},"size":0.42399561405181887,"orthographic":false}